osm,smiles,activity
OSM-S-623,COc1ccc(-c2nnc3cncc(OCCc4ccccc4)n23)cc1,1.827
OSM-E-21,N#Cc1ccc(C=NNc2cccc(C(=O)Nc3ccnc(C(F)(F)F)c3)n2)cc1,50.0
OSM-X-049,Fc1ccc(CCOc2cncc3nnc(N4CCCCC4)n23)cc1F,2.63
OSM-X-074,Fc1ccc(Nc2cn3c(-c4ccc(OC(F)F)cc4)nnc3cn2)cc1F,10.0
OSM-S-508,CN1CCN(C(=O)c2cccc(-c3nnc4cncc(OCCc5ccc(F)c(F)c5)n34)c2)CC1,10.0
OSM-S-627,COc1ccc(-c2nnc3c(SCCc4ccccc4)nccn23)cc1,25.0
OSM-S-399,CC1(C)C2CC=C(CCOc3cncc4nnc(-c5ccc(OC(F)F)cc5)n34)C1C2,1.28
OSM-X-086,Cc1nn(-c2ccc(F)cc2)c(C)c1-c1nnc2cncc(Oc3ccc(Cl)c(Cl)c3)n12,10.0
OSM-S-183,O=C(c1cncc2nnc(-c3ccc(OC(F)F)cc3)n12)N1CCCC1c1ccccc1,3.56
OSM-S-379,O=C(Nc1ccc(F)c(Cl)c1)c1cncc2nnc(-c3ccc(OC(F)F)cc3)n12,0.2945
OSM-S-542,Fc1ccc(CCOc2cncc3nnc(-n4cccn4)n23)cc1F,25.0
OSM-S-377,N#Cc1ccc(-c2nnc3cncc(OCC(OC(F)F)c4ccc(F)c(F)c4)n23)cc1,0.01668
OSM-S-182,O=C(c1cncc2nnc(-c3ccc(OC(F)F)cc3)n12)N1CCCC1,10.0
OSM-S-569,FC(F)Oc1ccc(-c2nnc3c(NCCc4ccccc4)nccn23)cc1,25.0
OSM-S-353,OCC(COc1cncc2nnc(-c3ccc(OC(F)F)cc3)n12)c1ccccc1,0.1035
OSM-S-370,FC(F)Oc1ccc(-c2nnc3cncc(OCCCC45C6C7C8C6C4C8C75)n23)cc1,1.995
OSM-S-409,ON=C(COc1cncc2nnc(-c3ccc(OC(F)F)cc3)n12)c1ccccc1,10.0
OSM-X-005,FC(F)Oc1ccc(-c2nnc3cncc(Oc4ccc5ccccc5c4)n23)cc1,0.1147
OSM-X-085,Fc1ccc(Cc2nccn2-c2cncc3nnc(-c4ccc(OC(F)F)cc4)n23)cc1F,10.0
OSM-X-065,FC(F)Oc1ccc(-c2nnc3n2C(CCCc2ccccc2)CNC3)cc1,8.76
OSM-S-544,Fc1ccc(CCOc2cncc3nnc(Oc4ccc(Cl)cc4)n23)cc1F,25.0
OSM-S-368,FC(F)Oc1ccc(-c2nnc3cncc(OCc4ccccc4)n23)cc1,2.239
OSM-S-403,CC1(C)C2CC=C(CCOc3cncc4nnc(-c5ccc(Cl)cc5Cl)n34)C1C2,8.24
OSM-S-520,Fc1ccc(CCOc2cncc3nnc(N4CCC(C(F)(F)F)CC4)n23)cc1F,2.75
OSM-LO-11,O=C(O)C(COc1cncc2nnc(-c3ccc(OC(F)F)cc3)n12)c1c(F)cc(F)cc1F,25.0
OSM-X-083,FC(F)Oc1ccc(-c2nnc3cncc(CCN4Cc5ccccc5C4)n23)cc1,10.0
OSM-S-555,Fc1ccc(CCOc2cncc3nnc(C4CCCNC4)n23)cc1F,25.0
OSM-S-366,Fc1ccc(CCOc2cncc3nnc(-c4ccc(C(F)(F)F)nc4)n23)cc1F,0.39155
OSM-LO-49,FC(F)Oc1ccc(-c2nnc3cncc(OCCc4ccco4)n23)cc1,1.24
OSM-S-570,FC(F)Oc1ccc(-c2nnc3c(SCc4ccccc4)nccn23)cc1,5.62
OSM-X-029,Fc1ccc(C2C(Oc3cncc4nnc(-c5ccc(OC(F)F)cc5)n34)CN2C2CC2)cc1F,0.6095
OSM-LO-18,NCc1cccc(CCOc2cncc3nnc(-c4ccc(Cl)cc4)n23)c1,10.94
OSM-S-510,CN1CCN(C(=O)c2ccc(-c3nnc4cncc(OCCc5ccc(F)c(F)c5)n34)cc2)CC1,10.0
OSM-S-625,O=[N+]([O-])c1ccc(-c2nnc3c(OCCc4ccccc4)nccn23)cc1,25.0
OSM-LO-10,COc1ccc(C(CO)COc2cncc3nnc(-c4ccc(OC(F)F)cc4)n23)cc1,0.722
OSM-X-092,O=S(=O)(Cc1ccc(C(F)(F)F)cc1)Nc1cncc2nnc(-c3ccc(OC(F)F)cc3)n12,10.0
OSM-S-683,CC(C)(C)c1ccc(-c2nnc3cncc(OCCc4ccccc4)n23)cc1,10.13
OSM-S-394,FS(F)(F)(F)(F)c1ccc(-c2nnc3cncc(OCCc4ccccc4)n23)cc1,0.48
OSM-S-407,O=C(Nc1ccncc1)c1cncc2nnc(-c3ccccc3)n12,10.0
OSM-S-393,COC(COc1cncc2nnc(-c3ccc(OC(F)F)cc3)n12)(OC)c1ccc(F)c(F)c1,0.157
OSM-S-503,FC(F)(F)c1ncc(OCCc2ccccc2)n2c(-c3ccncc3)nnc12,10.0
OSM-S-495,NC(=O)c1cccc(-c2nnc3cncc(OCCc4ccc(F)c(F)c4)n23)c1,10.0
OSM-S-271,O=C(Nc1cccc(Cl)c1)c1cncc2nnc(-c3ccc(OC(F)(F)F)cc3)n12,0.234
OSM-S-559,CC1(C)OCC(COc2cncc3nnc(-c4ccc(OC(F)F)cc4)n23)(c2ccc(F)c(F)c2)O1,0.149
OSM-X-017,O=C(NCc1ccccc1Cl)c1cncc2nnc(-c3ccc(OC(F)F)cc3)n12,0.38
OSM-S-689,COc1cc(OC)c(-c2nnc3cncc(OCCc4ccccc4)n23)c(OC)c1,25.0
OSM-S-546,Fc1ccc(CCOc2cncc3nnc(-c4ccc5cn[nH]c5c4)n23)cc1F,0.434
OSM-X-024,Fc1ccc(COc2cn3c(-c4ccc(OC(F)F)cc4)nnc3cn2)cc1F,0.5207
OSM-S-362,FC(F)Oc1ccc(-c2nnc3cncc(-n4cc(-c5ccccc5)nn4)n23)cc1,10.0
OSM-S-685,CC(C)(C)c1cc(-c2nnc3cncc(OCCc4ccccc4)n23)cc(C(C)(C)C)c1,1.25
OSM-S-579,FC(F)Oc1ccc(-c2nnc3cncc(Oc4ccccc4)n23)cc1,25.0
OSM-S-417,c1ccc(CCOc2nnc3c(N4CCCCC4)nccn23)cc1,10.0
OSM-S-528,Fc1ccc(CCOc2cncc3nnc(-c4ccc(N5CCCC5)cc4)n23)cc1F,22.0
OSM-X-027,FC(F)Oc1ccc(-c2nnc3cncc(Oc4ccc5ccsc5c4)n23)cc1,0.5764
OSM-S-384,COc1ccc(CCOc2cncc3nnc(-c4ccc(OC(F)F)cc4)n23)cc1,0.928
OSM-X-008,Fc1cc(F)c2ccc(Oc3cncc4nnc(-c5ccc(OC(F)F)cc5)n34)cc2c1,0.1734
OSM-W-3,CS(=O)(=O)c1ccc(-c2nnc3cncc(OCCc4ccc(F)cc4)n23)cc1,2.85
OSM-S-575,c1ccc(CCOc2cncc3nnc(C4CCOC4)n23)cc1,25.0
OSM-S-365,O=S(=O)(CCc1ccccc1)c1cncc2nnc(-c3ccc(OC(F)F)cc3)n12,10.0
OSM-S-499,FC(F)Oc1ccc(-c2nnc3cncc(OCCN4CCCCC4)n23)cc1,10.0
OSM-X-001,Fc1ccc(CCOc2cn3c(-c4ccc(OC(F)F)cc4)nnc3cn2)cc1F,0.03382
OSM-S-584,Fc1ccc(CCOc2cncc3nnc(-c4ccc5c(c4)NCC5)n23)cc1F,1.01
OSM-S-397,FC(F)Oc1ccc(-c2nnc3cncc(OCC45CC6CC(CC(C6)C4)C5)n23)cc1,4.8
OSM-S-496,CN(C)C(=O)c1ccc(-c2nnc3cncc(OCCc4ccc(F)c(F)c4)n23)cc1,3.69
OSM-S-691,c1ccc(CCOc2nccn3c(-c4c5ccccc5cc5ccccc45)nnc23)cc1,9.94
OSM-S-367,O=C(Nc1ccc(Cl)cc1)c1cncc2nnc(-c3ccc(OC(F)F)cc3)n12,7.3955
OSM-X-076,Fc1ccc(CCNc2cn3c(-c4ccc(OC(F)F)cc4)nnc3cn2)cc1,10.0
OSM-S-411,O=C(Nc1cc[n+]([O-])c(C(F)(F)F)c1)c1cncc2nnc(-c3ccc(OC(F)F)cc3)n12,2.07
OSM-S-385,CC(Oc1cncc2nnc(-c3ccc(OC(F)F)cc3)n12)c1ccc(F)c(F)c1,8.586
OSM-S-206,O=C(Nc1cc(C(F)(F)F)cc(C(F)(F)F)c1)c1cncc2nnc(-c3ccc(OC(F)F)cc3)n12,0.309
OSM-X-003,Fc1ccc(C(F)COc2cncc3nnc(-c4ccc(OC(F)F)cc4)n23)cc1F,0.06536
OSM-E-22,N#Cc1ccc(-c2nnc3cccc(C(=O)Nc4ccnc(C(F)(F)F)c4)n23)cc1,50.0
OSM-S-622,COc1ccc(-c2nnc3c(OCCc4ccccc4)nccn23)cc1,25.0
OSM-S-275,OC(COc1cncc2nnc(C3CCCCC3)n12)c1ccccc1,5.0
OSM-S-539,CNc1ccc(C(CO)COc2cncc3nnc(-c4ccc(OC(F)F)cc4)n23)cc1,11.52
OSM-S-369,FC(F)Oc1ccc(-c2nnc3cncc(OCCc4ccccc4)n23)cc1,0.3578
OSM-LO-15,FC(F)Oc1ccc(-c2nnc3cncc(OCCC45CC(C4)C5)n23)cc1,1.34
OSM-LO-8,OCC(COc1cncc2nnc(-c3ccc(OC(F)F)cc3)n12)c1cc(F)c(F)cc1F,0.19
OSM-LO-17,Cc1ccc(COc2cncc3nnc(-c4ccc(C(C)C)cc4)n23)cn1,25.0
OSM-S-176,O=C(NCc1cccc(Cl)c1)c1cncc2nnc(-c3ccc(OC(F)F)cc3)n12,0.25
OSM-S-179,O=C(NCC1CCOCC1)c1cncc2nnc(-c3ccc(OC(F)F)cc3)n12,10.0
OSM-S-571,FC(F)Oc1ccc(-c2nnc3cncc(SCCc4ccccc4)n23)cc1,1.05
OSM-X-055,O=c1[nH]cc(OCCc2ccc(F)c(F)c2)n2c(-c3ccc(OC(F)F)cc3)nnc12,4.13
OSM-S-359,FC(F)Oc1ccc(-c2nnc3cncc(SCc4ccccc4)n23)cc1,10.0
OSM-LO-14,OCC(COc1nccn2c(-c3ccc(OC(F)F)cc3)nnc12)c1ccccc1,9.538
OSM-W-10,Fc1ccc(CCOc2cncc3nnc(-c4ccc(Cl)cc4)n23)cc1,0.159
OSM-S-181,O=C(NCCN1CCOCC1)c1cncc2nnc(-c3ccc(OC(F)F)cc3)n12,10.0
OSM-S-180,O=C(c1cncc2nnc(-c3ccc(OC(F)F)cc3)n12)N1CCN(c2ccccn2)CC1,10.0
OSM-LO-5,COc1cccc(C(CO)COc2cncc3nnc(-c4ccc(OC(F)F)cc4)n23)c1,0.124
OSM-S-178,O=C(NCc1ccc(Cl)cc1)c1cncc2nnc(-c3ccc(OC(F)F)cc3)n12,1.34
OSM-S-562,CC1(C)OCC(COc2cncc3nnc(-c4ccc(OC(F)F)cc4)n23)(c2ccccc2)O1,0.337
OSM-X-041,COc1ccc2ccc(Oc3cncc4nnc(-c5ccc(OC(F)F)cc5)n34)cc2n1,1.67
OSM-S-386,CC(Oc1cncc2nnc(-c3ccc(OC(F)F)cc3)n12)c1ccc(C#N)cc1,4.801
OSM-X-047,Fc1ccc2c(c1)CCN2c1nnc2cncc(OCCc3ccc(F)c(F)c3)n12,2.05
OSM-X-002,CN(C)C(COc1cncc2nnc(-c3ccc(OC(F)F)cc3)n12)c1ccc(F)c(F)c1,0.04408
OSM-S-626,COc1ccc(-c2nnc3cncc(SCCc4ccccc4)n23)cc1,25.0
OSM-S-258,Clc1ccccc1CCOc1cncc2nnc(-c3ccncc3)n12,10.0
OSM-S-381,OCC(COc1cncc2nnc(-c3ccc(OC(F)F)cc3)n12)c1ccc(F)c(F)c1,0.02432
OSM-S-517,Fc1ccc(CCOc2cncc3nnc(N4CCOCC4)n23)cc1F,19.0
OSM-X-079,FC(F)Oc1ccc(-c2nnc3n2CCNC3)cc1,10.0
OSM-S-431,CCN(C)C(COc1cncc2nnc(-c3ccc(OC(F)F)cc3)n12)c1ccc(F)c(F)c1,8.85
OSM-S-511,FC(F)Oc1ccc(-c2nnc3cncc(OCC4CC5CC4C4OC54)n23)cc1,9.8
OSM-S-515,O=C(O)C(COc1cncc2nnc(-c3ccc(OC(F)F)cc3)n12)c1ccccc1,3.88
OSM-X-069,O=C(NCc1cncc2nnc(-c3ccc(OC(F)F)cc3)n12)c1cccc(Cl)c1,10.0
OSM-X-014,Fc1ccc(CCCc2cncc3nnc(-c4ccc(OC(F)F)cc4)n23)cc1F,0.32
OSM-S-388,Oc1nnc2c(N3CCCCC3)nccn12,10.0
OSM-S-580,FC(F)Oc1ccc(-c2nnc3cncc(OCCOc4ccccc4)n23)cc1,1.21
OSM-W-5,CS(=O)(=O)c1ccc(-c2nnc3cncc(OCCc4ccc(F)c(F)c4)n23)cc1,0.698
OSM-S-675,COc1cc(-c2nnc3cncc(OCCc4ccccc4)n23)cc(OC)c1OC,25.0
OSM-S-512,FC(F)Oc1ccc(-c2nnc3cncc(OCC4CC5CC4C4OC54)n23)cc1,11.0
OSM-S-389,CN(C)C(COc1cncc2nnc(-c3ccc(OC(F)F)cc3)n12)c1ccc(F)c(F)c1,0.189
OSM-X-077,NCC(=O)N1CCn2c(nnc2-c2ccc(OC(F)F)cc2)C1,10.0
OSM-X-042,CC1=CC(C)(C)Oc2cc(Oc3cncc4nnc(-c5ccc(OC(F)F)cc5)n34)ccc21,1.822
OSM-S-255,COc1ccc(-c2nnc3cncc(C(=O)Nc4cccc(Cl)c4C)n23)cc1,10.0
OSM-S-567,FC(F)Oc1ccc(-c2nnc3cncc(OCCc4cccc(OCc5ccccc5)c4)n23)cc1,0.147
OSM-X-038,FC(F)Oc1ccc(-c2nnc3cncc(OCC4CCc5cc(Cl)ccc54)n23)cc1,1.459
OSM-S-413,COC(COc1cncc2nnc(-c3ccc(C#N)cc3)n12)c1ccc(F)c(F)c1,10.0
OSM-S-572,CC(C)(C)OC(=O)N1CCC(c2nnc3cncc(OCCc4ccccc4)n23)CC1,14.5
OSM-S-350,Clc1ccc(-c2nnc3cncc(OCCc4ccccc4)n23)cc1Cl,0.709
OSM-S-292,Clc1cccc(-c2nnc3cncc(OCCc4ccccc4)n23)c1,2.5
OSM-S-420,OCc1ccc(COc2cncc3nnc(-c4ccc(OC(F)F)cc4)n23)cc1,10.0
OSM-S-509,FC(F)Oc1ccc(-c2nnc3c(N4CCOCC4)nccn23)cc1,10.0
OSM-S-635,Fc1ccc(CCOc2cncc3nnc(OCc4cccnc4)n23)cc1F,25.0
OSM-S-400,O=C(COc1cncc2nnc(-c3ccc(OC(F)F)cc3)n12)c1ccccc1,1.37
OSM-S-406,Clc1ccc(-c2nnc3cncc(OCC4CC5C=CC4C5)n23)cc1,0.62
OSM-S-364,O=S(CCc1ccccc1)c1cncc2nnc(-c3ccc(OC(F)F)cc3)n12,10.0
OSM-X-043,Cc1noc2cc(Oc3cncc4nnc(-c5ccc(OC(F)F)cc5)n34)ccc12,1.928
OSM-S-568,CN(C)c1ccc(C(O)(CO)COc2cncc3nnc(-c4ccc(OC(F)F)cc4)n23)cc1,25.0
OSM-S-208,COC(COc1cncc2nnc(-c3ccc(C#N)cc3)n12)c1ccc(F)c(F)c1,0.207
OSM-S-632,COc1ccc(-c2nnc3c(NCCc4ccccc4)nccn23)cc1,25.0
OSM-S-256,COc1ccc(-c2nnc3cncc(C(=O)Nc4cccc(Cl)c4F)n23)cc1,5.66
OSM-X-019,Fc1ccc(N2CC(Oc3cncc4nnc(-c5ccc(OC(F)F)cc5)n34)C2)cc1F,0.43
OSM-S-185,O=C(c1cncc2nnc(-c3ccc(OC(F)F)cc3)n12)N1CCOCC1,10.0
OSM-S-421,FC(F)Oc1ccc(-c2nnc3cncc(OCCN4CC5(COC5)C4)n23)cc1,10.0
OSM-S-277,OC(COc1cncc2nnc(-c3ccccc3)n12)c1ccccc1,5.0
OSM-S-382,IC12C3C4C5(C3C1C5C24)C6=NN=C7C=NC=C(C(NC8=CC(C(F)(F)F)=NC=C8)=O)N76,10.0
OSM-S-514,OC12C3C4C5C3C1(CCOc1cncc3nnc(-c6ccc(OC(F)F)cc6)n13)C5C42,3.3
OSM-S-680,c1ccc(CCOc2cncc3nnc(-c4c5ccccc5cc5ccccc45)n23)cc1,14.55
OSM-X-031,O=C(Nc1ccc(F)c(F)c1)c1cncc2nnc(-c3ccc(OC(F)F)cc3)n12,0.65
OSM-S-585,Nc1cc(-c2nnc3cncc(OCCc4ccc(F)c(F)c4)n23)ccc1F,0.813
OSM-X-015,O=C(NCc1cc(Cl)ccc1Cl)c1cncc2nnc(-c3ccc(OC(F)F)cc3)n12,0.3321
OSM-S-278,OC(COc1cncc2nnc(-c3ccc(C(F)(F)F)nc3)n12)c1ccccc1,3.998
OSM-S-272,Fc1ccc(CCOc2cncc3nnc(-c4ccc(Cl)cc4)n23)cc1F,0.076766667
OSM-S-516,FC(F)Oc1ccc(-c2nnc3cncc(Oc4ccc(Cl)cc4)n23)cc1,4.075
OSM-X-068,O=C1C(Oc2cn3c(-c4ccc(OC(F)F)cc4)nnc3cn2)C(c2ccc(F)c(F)c2)N1C1CC1,10.0
OSM-S-662,Fc1ccc(CCOc2cncc3nnc(-c4cccc5c4OCO5)n23)cc1F,1.71
OSM-LO-53,FC1=C(F)C=C(CCOC2=CN=CC3=NN=C(N23)C2=CC3=C(NC=C3)N=C2)C=C1,6.511
OSM-S-507,O=C(c1ccc(-c2nnc3cncc(OCCc4ccc(F)c(F)c4)n23)cc1)N1CCOCC1,10.0
OSM-S-631,COc1ccc(-c2nnc(-c3nccn3CCc3ccccc3)[nH]2)cc1,25.0
OSM-S-497,FC(F)Oc1ccc(-c2nnc3cncc(OCCN4CCNCC4)n23)cc1,10.0
OSM-S-591,COc1ccc(CCNc2cncc3nnc(-c4ccc(OC(F)F)cc4)n23)cc1OC,25.0
OSM-S-395,FC(F)Oc1ccc(-c2nnc3cncc(OCCC45CC6CC(CC(C6)C4)C5)n23)cc1,2.15
OSM-S-668,c1ccc(CCOc2cncc3nnc(-c4ccc5c(c4)CCO5)n23)cc1,4.23
OSM-S-630,c1ccc(CCNc2nccn3c(-c4ccccc4)nnc23)cc1,25.0
OSM-S-547,Fc1ccc(CCOc2cncc3nnc(-c4cccc5[nH]ccc45)n23)cc1F,4.9
OSM-X-033,CC(C)(C)c1ccc(Oc2cncc3nnc(-c4ccc(OC(F)F)cc4)n23)cc1,0.738
OSM-W-7,N#Cc1ccc(-c2nnc3cncc(NC(=O)CCc4ccc(F)c(F)c4)n23)cc1,10.0
OSM-LO-12,COc1ccc(C(COc2cncc3nnc(-c4ccc(OC(F)F)cc4)n23)C(=O)O)cc1,9.94
OSM-S-347,FC(F)Oc1ccc(-c2nnc3cncc(OCc4ccc(Cl)c(Cl)c4)n23)cc1,0.529
OSM-X-088,Cc1nn(-c2ccc(F)cc2)c(C)c1-c1nnc2cncc(OCC(F)(F)F)n12,10.0
OSM-S-563,FC(F)Oc1ccc(-c2nnc3c(NCc4ccccc4)nccn23)cc1,20.0
OSM-LO-57,C.CC1=CC(=CC=C1S(N)(=O)=O)C1=NN=C2C=NC=C(OCCC3=CC(F)=C(F)C=C3)N12,10.405
OSM-S-349,Fc1ccc(-c2nnc3cncc(OCCc4ccccc4)n23)cc1F,0.582
OSM-X-037,O=C1C(Oc2cncc3nnc(-c4ccc(OC(F)F)cc4)n23)C(c2ccc(F)c(F)c2)N1C1CC1,1.121
OSM-X-054,[O-][n+]1cc(OCCc2ccc(F)c(F)c2)n2c(-c3ccc(OC(F)F)cc3)nnc2c1,4.01
OSM-S-486,OCC(COc1cncc2nnc(-c3ccc(OC(F)F)cc3)n12)c1ccc(C(F)(F)F)cc1,1.15
OSM-S-574,CC(C)(C)OC(=O)N1CCC(c2nnc3cncc(OCCc4ccccc4)n23)C1,25.0
OSM-S-502,OCCc1cn(-c2nccn3c(-c4ccc(OC(F)F)cc4)nnc23)c2ccccc12,8.0
OSM-W-4,Fc1ccc(CCOc2cncc(Nc3nnc(-c4ccccc4)s3)n2)cc1,100.0
OSM-X-062,CCN(CC)c1ncc(OCCc2ccc(F)c(F)c2)n2c(-c3ccc(OC(F)F)cc3)nnc12,6.86
OSM-X-010,NC(COc1cncc2nnc(-c3ccc(OC(F)F)cc3)n12)c1ccc(F)c(F)c1,0.2785
OSM-S-392,O=C(COc1cncc2nnc(-c3ccc(OC(F)F)cc3)n12)c1ccc(F)c(F)c1,0.832
OSM-S-637,Nc1ccc(C(CO)COc2cncc3nnc(-c4ccc(OC(F)F)cc4)n23)cc1,17.04
OSM-X-011,FC(F)Oc1ccc(-c2nnc3cncc(CCCc4ccccc4)n23)cc1,0.28
OSM-S-607,CC(COc1cncc2nnc(-c3ccc(OC(F)F)cc3)n12)c1ccccc1,0.627
OSM-S-218,COC(COc1cncc2nnc(-c3ccc(C#N)cc3)n12)c1ccc(F)c(F)c1,0.438666667
OSM-S-552,O=C(O)c1cccc(-c2nnc3cncc(OCCc4ccc(F)c(F)c4)n23)c1,25.0
OSM-S-504,FC(F)Oc1ccc(-c2nnc3c(C(F)(F)F)ncc(OCCc4ccccc4)n23)cc1,10.0
OSM-S-378,CN(C)C(COc1cncc2nnc(-c3ccc(C#N)cc3)n12)c1ccc(F)c(F)c1,10.0
OSM-S-262,O=C(Nc1cccc(Cl)c1)c1cncc2nnc(-c3ccccn3)n12,10.0
OSM-S-352,Fc1ccc(-c2nnc3cncc(OCCc4ccccc4)n23)cc1,0.366
OSM-S-414,COC(COc1cncc2nnc(-c3ccc(C#N)cc3)n12)c1ccc(F)c(F)c1,0.89
OSM-S-433,FC(F)Oc1ccc(-c2nnc3cncc(OCCC4C5C6CC7C8C6CC5C8C47)n23)cc1,1.08
OSM-X-073,O=C(Cc1cccc(Cl)c1)Nc1cn2c(-c3ccc(OC(F)F)cc3)nnc2cn1,10.0
OSM-S-608,FC(F)Oc1ccc(-c2nnc3cncc(OCCc4cccs4)n23)cc1,0.282
OSM-X-067,CNC(COc1cncc2nnc(-c3ccc(OC(F)F)cc3)n12)c1ccc(F)c(F)c1,10.0
OSM-S-498,FC(F)Oc1ccc(-c2nnc3cncc(OCCN4CCOCC4)n23)cc1,10.0
OSM-X-006,CC(F)(COc1cncc2nnc(-c3ccc(OC(F)F)cc3)n12)c1ccc(F)c(F)c1,0.1228
OSM-S-532,OCC(COc1cncc2nnc(-c3ccc(OC(F)F)cc3)n12)c1cccc(OCc2ccccc2)c1,0.059
OSM-S-259,Fc1ccc(COc2cncc3nnc(-c4ccc(Cl)cc4)n23)cc1F,0.452
OSM-S-548,Nc1cc(-c2nnc3cncc(OCCc4ccc(F)c(F)c4)n23)ccc1Cl,0.045
OSM-S-582,Cn1ccc2ccc(-c3nnc4cncc(OCCc5ccc(F)c(F)c5)n34)cc21,0.375
OSM-S-527,Fc1ccc(CCOc2cncc3nnc(-c4ccc(N5CCCCC5)cc4)n23)cc1F,20.0
OSM-S-276,CCc1nnc2cncc(OCC(O)c3ccccc3)n12,10.0
OSM-S-639,OCC(COc1cncc2nnc(-c3ccc(OC(F)F)cc3)n12)(COc1cncc2nnc(-c3ccc(OC(F)F)cc3)n12)c1ccccc1,25.0
OSM-LO-19,CC(O)COc1cncc2nnc(-c3ccc(OC(F)F)cc3)n12,25.0
OSM-S-373,FC(F)Oc1ccc(-c2nnc3cncc(OCc4cn(-c5ccccc5)nn4)n23)cc1,10.0
OSM-S-283,NC(COc1cncc2nnc(-c3ccc(OC(F)F)cc3)n12)c1ccccc1,2.0
OSM-S-525,Fc1ccc(CCOc2cncc3nnc(-c4ccc5cc[nH]c5c4)n23)cc1F,0.1065
OSM-X-087,Cn1ncc2ccc(Oc3cncc4nnc(-c5ccc(OC(F)F)cc5)n34)cc21,10.0
OSM-S-380,FC(F)Oc1ccc(-c2nnc3cncc(CN4Cc5ccccc5C4)n23)cc1,0.11
OSM-S-419,FC(F)Oc1ccc(-c2nnc3cncc(OCC(c4ccccc4)N4CCOCC4)n23)cc1,1.58
OSM-S-412,OCC(COc1cncc2nnc(-c3ccc(OC(F)F)cc3)n12)c1ccc(O)cc1,4.12
OSM-X-066,FC(F)Oc1ccc(-c2nnc3cncc(Nc4ccc(Cl)c(Cl)c4)n23)cc1,9.635
OSM-X-064,OCCC1CNCc2nnc(-c3ccc(OC(F)F)cc3)n21,8.37
OSM-LO-58,C.FC1=C(F)C=C(CCOC2=CN=CC3=NN=C(N23)C2=CC3=C(NC(=C3)C(F)(F)F)C=C2)C=C1,25.119
OSM-X-012,O=C(NCc1ccc(F)c(F)c1)c1cncc2nnc(-c3ccc(OC(F)F)cc3)n12,0.28
OSM-S-531,CN(C)c1ccc(-c2nnc3cncc(OCCc4ccc(F)c(F)c4)n23)cc1,5.53
OSM-S-351,Clc1ccc(-c2nnc3cncc(OCCc4ccccc4)n23)c(Cl)c1,0.259
OSM-S-299,c1ccc(COc2cncc3nnc(-c4ccc5c(c4)OCO5)n23)nc1,10.0
OSM-S-505,Oc1ncc(OCCc2ccccc2)n2c(-c3ccc(OC(F)F)cc3)nnc12,10.0
OSM-S-526,Nc1ccc(-c2nnc3cncc(OCCc4ccc(F)c(F)c4)n23)cc1,13.0
OSM-S-296,c1ccc(CCOc2cncc3nnc(-c4ccc5c(c4)OCO5)n23)cc1,1.014
OSM-S-391,IC(C=C1)=CC=C1C2=NN=C3C=NC=C(OCCC4=CC(F)=C(F)C=C4)N32,0.35
OSM-S-628,c1ccc(CCSc2nccn3c(-c4ccccc4)nnc23)cc1,3.082
OSM-S-204,O=C(Nc1cccc(Cl)c1F)c1cncc2nnc(-c3ccc(OC(F)F)cc3)n12,0.852
OSM-S-530,CC(=O)Nc1cccc(-c2nnc3cncc(OCCc4ccc(F)c(F)c4)n23)c1,25.0
OSM-S-513,OC12C3C4C1C1C2C3C41CCOc1cncc2nnc(-c3ccc(OC(F)F)cc3)n12,1.0
OSM-X-058,FC(F)Oc1ccc(-c2nnc3cncc(Oc4cccc(Oc5ccccn5)c4)n23)cc1,6.038
OSM-S-177,O=C(c1cncc2nnc(-c3ccc(OC(F)F)cc3)n12)N1Cc2ccccc2C1,10.0
OSM-S-566,FC(F)Oc1ccc(-c2nnc3cncc(OCCc4ccc(OCc5ccccc5)cc4)n23)cc1,3.849
OSM-S-263,O=C(Nc1cccc(Cl)c1)c1cncc2nnc(-c3cccnc3)n12,10.0
OSM-X-039,FC(F)Oc1ccc(-c2nnc3cncc(Oc4ccc5ccc(C(F)(F)F)nc5c4)n23)cc1,1.629
OSM-S-678,O=[N+]([O-])c1ccccc1-c1nnc2cncc(OCCc3ccccc3)n12,25.0
OSM-S-300,c1ccc(COc2cncc3nnc(-c4ccc5ccccc5c4)n23)nc1,10.0
OSM-X-082,O=C(Nc1ccccn1)c1cncc2nnc(-c3ccc(OC(F)F)cc3)n12,10.0
OSM-S-687,COc1cccc(OC)c1-c1nnc2cncc(OCCc3ccccc3)n12,25.0
OSM-S-281,CNC(COc1cncc2nnc(-c3ccc(OC(F)F)cc3)n12)c1ccccc1,10.0
OSM-X-032,Fc1ccc(C2C(Oc3cncc4nnc(-c5ccc(OC(F)F)cc5)n34)CN2C2CC2)cc1F,0.7308
OSM-S-549,Nc1cccc(-c2nnc3cncc(OCCc4ccc(F)c(F)c4)n23)c1,2.8
OSM-S-573,c1ccc(CCOc2cncc3nnc(C4CCOCC4)n23)cc1,25.0
OSM-S-551,O=C(O)c1ccc(-c2nnc3cncc(OCCc4ccc(F)c(F)c4)n23)cc1,25.0
OSM-X-030,Fc1ccc(C(COc2cncc3nnc(-c4ccc(OC(F)F)cc4)n23)N2CCOCC2)cc1F,0.6133
OSM-W-6,N#Cc1ccc(-c2nnc3cncc(NC(=O)Cc4ccc(F)c(F)c4)n23)cc1,2.931
OSM-S-537,CC(C)(C)OC(=O)NC(COc1cncc2nnc(-c3ccc(OC(F)F)cc3)n12)Cc1ccccc1,10.0
OSM-S-536,NC(COc1cncc2nnc(-c3ccc(OC(F)F)cc3)n12)Cc1ccccc1,17.0
OSM-S-636,Fc1ccc(CCOc2cncc3nnc(-c4ccc5nc[nH]c5c4)n23)cc1F,25.0
OSM-S-523,Fc1ccc(CCOc2cncc3nnc(OCCc4ccc(F)c(F)c4)n23)cc1F,25.0
OSM-S-543,Fc1ccc(CCOc2nccn3c(-n4cccn4)nnc23)cc1F,19.0
OSM-W-8,N#Cc1ccc(-c2nnc3cncc(OCCc4ccc(F)cc4)n23)cc1,0.934
OSM-S-442,FC(F)Oc1ccc(-c2nnc3cncc(OCCC4CC4)n23)cc1,3.03
OSM-S-609,OCC(CO)(COc1cncc2nnc(-c3ccc(OC(F)F)cc3)n12)c1ccccc1,6.132
OSM-S-589,OC(CNc1cncc2nnc(-c3ccc(OC(F)F)cc3)n12)c1ccccc1,25.0
OSM-S-676,COc1cc(-c2nnc3c(OCCc4ccccc4)nccn23)cc(OC)c1OC,17.02
OSM-S-418,FC(OC1=CC=C(C2=NN=C3C=NC=C(N32)OCC[C]4[CH]BBBBBBBBBB4)C=C1)F,0.05
OSM-S-500,FC(F)Oc1ccc(-c2nnc3cncc(OCCN4CCCC4)n23)cc1,10.0
OSM-S-187,N#Cc1ccc(-c2nnc3cncc(OCCc4ccccc4)n23)cc1,0.534
OSM-X-060,Fc1ccc(-c2cnn(-c3cncc4nnc(-c5ccc(OC(F)F)cc5)n34)c2)cc1F,6.721
OSM-S-376,N#Cc1ccc(-c2nnc3cncc(OCC(O)c4ccc(F)c(F)c4)n23)cc1,0.803
OSM-S-624,O=[N+]([O-])c1ccc(-c2nnc3cncc(OCCc4ccccc4)n23)cc1,1.693
OSM-S-586,Fc1ccc(CCOc2cncc3nnc(-c4ccc5nc[nH]c5c4)n23)cc1F,25.0
OSM-S-422,FC(F)Oc1ccc(-c2nnc3cncc(OCCC4COC4)n23)cc1,10.0
OSM-S-673,CCOc1ccccc1-c1nnc2c(OCCc3ccccc3)nccn12,7.81
OSM-S-690,FC(F)Oc1ccc(-c2nnc3cncc(OCC45CC(C(F)F)(C4)C5)n23)cc1,2.63
OSM-S-202,O=C(Nc1cccc(Cl)c1)c1cncc2nnc(-c3ccc(OC(F)F)cc3)n12,0.211
OSM-S-672,CCOc1ccccc1-c1nnc2cncc(OCCc3ccccc3)n12,16.17
OSM-S-390,OC(COc1cncc2nnc(-c3ccc(OC(F)F)cc3)n12)c1ccc(F)c(F)c1,0.099
OSM-S-557,OCC(COc1cncc2nnc(-c3ccc4cc[nH]c4c3)n12)c1ccccc1,0.069
OSM-S-588,OC(CNc1cncc2nnc(-c3ccc(OC(F)F)cc3)n12)c1ccccc1,25.0
OSM-S-186,CC(NC(=O)c1cncc2nnc(-c3ccc(OC(F)F)cc3)n12)c1ccccc1,1.36
OSM-S-518,Fc1ccc(CCOc2cncc3nnc(N4CCC(F)(F)CC4)n23)cc1F,1.51
OSM-S-371,FC(F)Oc1ccc(-c2nnc3cncc(OCCC45C6C7C8C6C4C8C75)n23)cc1,0.372
OSM-S-561,CC(=O)COc1nccn2c(-c3ccc(OC(F)F)cc3)nnc12,25.0
OSM-S-260,Fc1ccc(CCOc2cncc3nnc(-c4ccc(OC(F)F)cc4)n23)cc1F,0.281
OSM-S-410,O=C(Nc1ccc(Cl)cc1)c1c[nH]c(=O)c2nnc(-c3ccc(OC(F)F)cc3)n12,5.0
OSM-S-577,c1ccc(CCOc2cncc3nnc(C4CCNC4)n23)cc1,25.0
OSM-LO-55,C.FC1=C(F)C=C(CCOC2=CN=CC3=NN=C(N23)C2=CC=C(Cl)C(=C2)C(F)(F)F)C=C1,1.691
OSM-S-280,COc1cncc2nnc(-c3ccc(OC(F)F)cc3)n12,10.0
OSM-S-550,CCc1ccc(-c2nnc3cncc(OCCc4ccc(F)c(F)c4)n23)cc1,0.144
OSM-X-080,O=C(c1cncc2nnc(-c3ccc(OC(F)F)cc3)n12)N1CCc2cc(F)ccc21,10.0
OSM-W-9,N#Cc1ccc(-c2nnc3cncc(OCCc4ccc(F)c(F)c4)n23)cc1,0.294
OSM-S-692,COc1cc(OC)c(-c2nnc3c(O)nccn23)c(OC)c1,25.0
OSM-S-432,Fc1ccc(CCOc2cncc3nnc(Br)n23)cc1F,10.0
OSM-LO-13,OCC(COc1cncc2nnc(-c3ccc(OC(F)F)cc3)n12)c1ccccc1,0.279
OSM-X-020,FC(F)Oc1ccc(-c2nnc3cncc(Oc4ccc(Cl)c(Cl)c4)n23)cc1,0.4551
OSM-X-053,O=C(Nc1ccc(F)cc1)c1cncc2nnc(-c3ccc(OC(F)F)cc3)n12,3.74
OSM-S-521,CN1CCN(c2nnc3cncc(OCCc4ccc(F)c(F)c4)n23)CC1,25.0
OSM-S-638,FC(F)Oc1ccc(-c2nnc3cncc(NCc4ccccc4)n23)cc1,25.0
OSM-S-402,Clc1ccc(-c2nnc3cncc(OCC45CC6CC(CC(C6)C4)C5)n23)cc1,2.53
OSM-X-040,FC(F)Oc1ccc(-c2nnc3cncc(OCc4cccc5ccccc45)n23)cc1,1.668
OSM-X-084,OCCc1cncc2nnc(-c3ccc(OC(F)F)cc3)n12,10.0
OSM-S-297,c1ccc(CCOc2cncc3nnc(-c4ccc5ccccc5c4)n23)cc1,0.415
OSM-S-666,Cc1ccc(-c2nnc3cncc(OCCc4ccccc4)n23)cc1,1.06
OSM-S-416,COC(COc1cncc2nnc(-c3ccc(C#N)cc3)n12)c1ccc(F)c(F)c1,0.43
OSM-S-328,Oc1nccn2c(-c3ccc(OC(F)F)cc3)nnc12,10.0
OSM-X-072,FC(F)Oc1ccc(-c2nnc3cncc(CCN4CCOCC4)n23)cc1,10.0
OSM-X-090,CC(=O)N1CCC(c2nnc3cncc(OCCc4ccc(F)c(F)c4)n23)CC1,10.0
OSM-S-538,NC(COc1cncc2nnc(-c3ccc(OC(F)F)cc3)n12)Cc1ccccc1,2.3
OSM-S-184,CS(=O)(=O)N1CCN(C(=O)c2cncc3nnc(-c4ccc(OC(F)F)cc4)n23)CC1,10.0
OSM-X-007,Fc1ccc(CCOc2cnc(Cl)c3nnc(-c4ccc(OC(F)F)cc4)n23)cc1F,0.16
OSM-X-013,O=C(NCc1cccc(C(F)(F)F)c1Cl)c1cncc2nnc(-c3ccc(OC(F)F)cc3)n12,0.309
OSM-S-401,Clc1ccc(-c2nnc3cncc(OCC45CC6CC(CC(C6)C4)C5)n23)c(Cl)c1,8.0
OSM-S-529,CC(=O)Nc1ccc(-c2nnc3cncc(OCCc4ccc(F)c(F)c4)n23)cc1,25.0
OSM-S-175,O=C(Nc1ccnc(C(F)(F)F)c1)c1cncc2nnc(-c3ccc(OC(F)F)cc3)n12,0.2957
OSM-S-670,COc1ccccc1-c1nnc2cncc(OCCc3ccccc3)n12,4.57
OSM-X-004,CC(O)(COc1cncc2nnc(-c3ccc(OC(F)F)cc3)n12)c1ccc(F)c(F)c1,0.1012
OSM-S-633,O=[N+]([O-])c1ccc(-c2nnc3c(NCCc4ccccc4)nccn23)cc1,25.0
OSM-S-576,c1ccc(CCOc2cncc3nnc(C4CCNCC4)n23)cc1,25.0
OSM-S-301,FC(F)Oc1ccc(-c2nnc3cncc(OCc4ccccn4)n23)cc1,5.0
OSM-S-360,O=S(Cc1ccccc1)c1cncc2nnc(-c3ccc(OC(F)F)cc3)n12,2.5
OSM-X-044,Cn1ccc2cc(Oc3cncc4nnc(-c5ccc(OC(F)F)cc5)n34)ccc21,1.983
OSM-S-558,CN(C)c1ccc(C2(COc3cncc4nnc(-c5ccc(OC(F)F)cc5)n34)COC(C)(C)O2)cc1,25.0
OSM-X-022,Fc1ccc(C2(COc3cncc4nnc(-c5ccc(OC(F)F)cc5)n34)COC2)cc1F,0.4833
OSM-LO-9,OCC(COc1nccn2c(-c3ccc(OC(F)F)cc3)nnc12)c1cc(F)c(F)cc1F,9.69
OSM-S-257,COc1ccc(-c2nnc3cncc(C(=O)Nc4cc(Cl)ccc4C)n23)cc1,1.06
OSM-X-050,FC(F)Oc1ccc(-c2nnc3cncc(Oc4cccc(Cl)c4)n23)cc1,3.066
OSM-S-374,FC(F)Oc1ccc(-c2nnc3cncc(OCc4cn(-c5cncc(Cl)n5)nn4)n23)cc1,10.0
OSM-LO-16,CC(C)(C)Oc1ccc(-c2nnc3cncc(OCC(O)c4ccc(F)c(F)c4)n23)cc1,0.46
OSM-S-295,Fc1cc(F)cc(-c2nnc3cncc(OCCc4ccccc4)n23)c1,5.0
OSM-X-052,Fc1ccc(Oc2cn3c(-c4ccc(OC(F)F)cc4)nnc3cn2)cc1F,3.446
OSM-S-404,CC1(C)C2CC=C(CCOc3cncc4nnc(-c5ccc(Cl)cc5)n34)C1C2,1.05
OSM-X-094,CC(NC(=O)c1cncc2nnc(-c3ccc(OC(F)F)cc3)n12)c1ccccc1,1.6
OSM-S-621,c1ccc(CCOc2nccn3c(-c4ccccc4)nnc23)cc1,8.73
OSM-S-564,FC(OC1=CC=C(C2=NN=C3C=NC=C(N32)OCC[C]4BB[CH]BBBBBBBB4)C=C1)F,0.117
